--------------------------------------------------------
--  File created - Friday-November-22-2024   
--------------------------------------------------------
REM INSERTING into SYSTEM.GUEST
SET DEFINE OFF;
Insert into SYSTEM.GUEST (GUESTID,FIRSTNAME,LASTNAME,CITY,PROVINCE) values (6,'Justin','Hackman','Miami',null);
Insert into SYSTEM.GUEST (GUESTID,FIRSTNAME,LASTNAME,CITY,PROVINCE) values (1,'Kristoff','Kurn','Columbia',null);
Insert into SYSTEM.GUEST (GUESTID,FIRSTNAME,LASTNAME,CITY,PROVINCE) values (2,'Billy','Elliot','Columbia',null);
Insert into SYSTEM.GUEST (GUESTID,FIRSTNAME,LASTNAME,CITY,PROVINCE) values (5,'Deena','Donor','New York',null);

REM INSERTING into SYSTEM.FEE_TYPE
SET DEFINE OFF;
Insert into SYSTEM.FEE_TYPE (FEETYPEID,FEETYPENAME,DEFAULTAMOUNT) values (1,'Deposit',2000);
Insert into SYSTEM.FEE_TYPE (FEETYPEID,FEETYPENAME,DEFAULTAMOUNT) values (2,'Discount',400);
Insert into SYSTEM.FEE_TYPE (FEETYPEID,FEETYPENAME,DEFAULTAMOUNT) values (3,'Rate',200);
Insert into SYSTEM.FEE_TYPE (FEETYPEID,FEETYPENAME,DEFAULTAMOUNT) values (4,'SmokeDamage',100);
Insert into SYSTEM.FEE_TYPE (FEETYPEID,FEETYPENAME,DEFAULTAMOUNT) values (5,'CarpetDamage',1000);

REM INSERTING into SYSTEM.FEE
SET DEFINE OFF;
Insert into SYSTEM.FEE (FEEID,FEENAME,FEEDESCRIPTION,DATECHARGED,FEECHARGED,GUESTID,FEETYPEID,EMPLOYEEID) values (1,'Deposit',null,to_date('02-FEB-23','DD-MON-RR'),50,6,1,null);
Insert into SYSTEM.FEE (FEEID,FEENAME,FEEDESCRIPTION,DATECHARGED,FEECHARGED,GUESTID,FEETYPEID,EMPLOYEEID) values (2,'Discount',null,to_date('02-FEB-23','DD-MON-RR'),-30,6,2,null);
Insert into SYSTEM.FEE (FEEID,FEENAME,FEEDESCRIPTION,DATECHARGED,FEECHARGED,GUESTID,FEETYPEID,EMPLOYEEID) values (3,'Discount',null,to_date('02-FEB-23','DD-MON-RR'),40,6,3,null);
Insert into SYSTEM.FEE (FEEID,FEENAME,FEEDESCRIPTION,DATECHARGED,FEECHARGED,GUESTID,FEETYPEID,EMPLOYEEID) values (4,'Discount',null,to_date('08-FEB-23','DD-MON-RR'),40,6,3,null);
Insert into SYSTEM.FEE (FEEID,FEENAME,FEEDESCRIPTION,DATECHARGED,FEECHARGED,GUESTID,FEETYPEID,EMPLOYEEID) values (5,'Discount',null,to_date('17-FEB-23','DD-MON-RR'),40,6,3,null);
Insert into SYSTEM.FEE (FEEID,FEENAME,FEEDESCRIPTION,DATECHARGED,FEECHARGED,GUESTID,FEETYPEID,EMPLOYEEID) values (6,'Discount',null,to_date('27-FEB-23','DD-MON-RR'),40,6,3,null);
Insert into SYSTEM.FEE (FEEID,FEENAME,FEEDESCRIPTION,DATECHARGED,FEECHARGED,GUESTID,FEETYPEID,EMPLOYEEID) values (7,'Discount',null,to_date('27-FEB-23','DD-MON-RR'),-20,6,1,null);
Insert into SYSTEM.FEE (FEEID,FEENAME,FEEDESCRIPTION,DATECHARGED,FEECHARGED,GUESTID,FEETYPEID,EMPLOYEEID) values (8,'Deposit',null,to_date('03-FEB-23','DD-MON-RR'),40,1,1,null);
Insert into SYSTEM.FEE (FEEID,FEENAME,FEEDESCRIPTION,DATECHARGED,FEECHARGED,GUESTID,FEETYPEID,EMPLOYEEID) values (9,'Deposit',null,to_date('03-FEB-23','DD-MON-RR'),50,1,3,null);
Insert into SYSTEM.FEE (FEEID,FEENAME,FEEDESCRIPTION,DATECHARGED,FEECHARGED,GUESTID,FEETYPEID,EMPLOYEEID) values (10,'Deposit',null,to_date('04-FEB-23','DD-MON-RR'),50,1,3,null);
Insert into SYSTEM.FEE (FEEID,FEENAME,FEEDESCRIPTION,DATECHARGED,FEECHARGED,GUESTID,FEETYPEID,EMPLOYEEID) values (11,'Deposit',null,to_date('05-FEB-23','DD-MON-RR'),50,1,3,null);
Insert into SYSTEM.FEE (FEEID,FEENAME,FEEDESCRIPTION,DATECHARGED,FEECHARGED,GUESTID,FEETYPEID,EMPLOYEEID) values (12,'Deposit',null,to_date('06-FEB-23','DD-MON-RR'),50,1,3,null);
Insert into SYSTEM.FEE (FEEID,FEENAME,FEEDESCRIPTION,DATECHARGED,FEECHARGED,GUESTID,FEETYPEID,EMPLOYEEID) values (13,'Deposit',null,to_date('07-FEB-23','DD-MON-RR'),50,1,3,null);
Insert into SYSTEM.FEE (FEEID,FEENAME,FEEDESCRIPTION,DATECHARGED,FEECHARGED,GUESTID,FEETYPEID,EMPLOYEEID) values (14,'Deposit',null,to_date('08-FEB-23','DD-MON-RR'),50,1,3,null);
Insert into SYSTEM.FEE (FEEID,FEENAME,FEEDESCRIPTION,DATECHARGED,FEECHARGED,GUESTID,FEETYPEID,EMPLOYEEID) values (15,'Deposit',null,to_date('09-FEB-23','DD-MON-RR'),50,1,3,null);
Insert into SYSTEM.FEE (FEEID,FEENAME,FEEDESCRIPTION,DATECHARGED,FEECHARGED,GUESTID,FEETYPEID,EMPLOYEEID) values (16,'Deposit',null,to_date('10-FEB-23','DD-MON-RR'),50,1,3,null);
Insert into SYSTEM.FEE (FEEID,FEENAME,FEEDESCRIPTION,DATECHARGED,FEECHARGED,GUESTID,FEETYPEID,EMPLOYEEID) values (17,'Deposit',null,to_date('11-FEB-23','DD-MON-RR'),60,1,3,null);
Insert into SYSTEM.FEE (FEEID,FEENAME,FEEDESCRIPTION,DATECHARGED,FEECHARGED,GUESTID,FEETYPEID,EMPLOYEEID) values (18,'Deposit',null,to_date('12-FEB-23','DD-MON-RR'),60,1,3,null);
Insert into SYSTEM.FEE (FEEID,FEENAME,FEEDESCRIPTION,DATECHARGED,FEECHARGED,GUESTID,FEETYPEID,EMPLOYEEID) values (19,'Deposit',null,to_date('13-FEB-23','DD-MON-RR'),60,1,3,null);
Insert into SYSTEM.FEE (FEEID,FEENAME,FEEDESCRIPTION,DATECHARGED,FEECHARGED,GUESTID,FEETYPEID,EMPLOYEEID) values (20,'Deposit',null,to_date('14-FEB-23','DD-MON-RR'),60,1,3,null);
Insert into SYSTEM.FEE (FEEID,FEENAME,FEEDESCRIPTION,DATECHARGED,FEECHARGED,GUESTID,FEETYPEID,EMPLOYEEID) values (21,'Deposit',null,to_date('15-FEB-23','DD-MON-RR'),60,1,3,null);
Insert into SYSTEM.FEE (FEEID,FEENAME,FEEDESCRIPTION,DATECHARGED,FEECHARGED,GUESTID,FEETYPEID,EMPLOYEEID) values (22,'Deposit',null,to_date('16-FEB-23','DD-MON-RR'),60,1,3,null);
Insert into SYSTEM.FEE (FEEID,FEENAME,FEEDESCRIPTION,DATECHARGED,FEECHARGED,GUESTID,FEETYPEID,EMPLOYEEID) values (23,'Deposit',null,to_date('17-FEB-23','DD-MON-RR'),60,1,3,null);
Insert into SYSTEM.FEE (FEEID,FEENAME,FEEDESCRIPTION,DATECHARGED,FEECHARGED,GUESTID,FEETYPEID,EMPLOYEEID) values (24,'Deposit',null,to_date('17-FEB-23','DD-MON-RR'),20,1,3,null);
Insert into SYSTEM.FEE (FEEID,FEENAME,FEEDESCRIPTION,DATECHARGED,FEECHARGED,GUESTID,FEETYPEID,EMPLOYEEID) values (25,'Deposit',null,to_date('17-FEB-23','DD-MON-RR'),30,1,3,null);
Insert into SYSTEM.FEE (FEEID,FEENAME,FEEDESCRIPTION,DATECHARGED,FEECHARGED,GUESTID,FEETYPEID,EMPLOYEEID) values (26,'Deposit',null,to_date('17-FEB-23','DD-MON-RR'),-40,1,3,null);
Insert into SYSTEM.FEE (FEEID,FEENAME,FEEDESCRIPTION,DATECHARGED,FEECHARGED,GUESTID,FEETYPEID,EMPLOYEEID) values (27,'Deposit',null,to_date('20-JAN-23','DD-MON-RR'),0,2,1,null);
Insert into SYSTEM.FEE (FEEID,FEENAME,FEEDESCRIPTION,DATECHARGED,FEECHARGED,GUESTID,FEETYPEID,EMPLOYEEID) values (28,'Deposit',null,to_date('20-JAN-23','DD-MON-RR'),30,2,3,null);
Insert into SYSTEM.FEE (FEEID,FEENAME,FEEDESCRIPTION,DATECHARGED,FEECHARGED,GUESTID,FEETYPEID,EMPLOYEEID) values (29,'Deposit',null,to_date('01-JAN-23','DD-MON-RR'),0,5,1,null);
Insert into SYSTEM.FEE (FEEID,FEENAME,FEEDESCRIPTION,DATECHARGED,FEECHARGED,GUESTID,FEETYPEID,EMPLOYEEID) values (30,'Deposit',null,to_date('01-JAN-23','DD-MON-RR'),0,5,3,null);
Insert into SYSTEM.FEE (FEEID,FEENAME,FEEDESCRIPTION,DATECHARGED,FEECHARGED,GUESTID,FEETYPEID,EMPLOYEEID) values (31,'Deposit',null,to_date('01-FEB-23','DD-MON-RR'),0,5,1,null);
Insert into SYSTEM.FEE (FEEID,FEENAME,FEEDESCRIPTION,DATECHARGED,FEECHARGED,GUESTID,FEETYPEID,EMPLOYEEID) values (32,'Deposit',null,to_date('01-FEB-23','DD-MON-RR'),0,5,3,null);
Insert into SYSTEM.FEE (FEEID,FEENAME,FEEDESCRIPTION,DATECHARGED,FEECHARGED,GUESTID,FEETYPEID,EMPLOYEEID) values (33,'Deposit',null,to_date('01-MAR-23','DD-MON-RR'),0,5,1,null);
Insert into SYSTEM.FEE (FEEID,FEENAME,FEEDESCRIPTION,DATECHARGED,FEECHARGED,GUESTID,FEETYPEID,EMPLOYEEID) values (34,'Deposit',null,to_date('01-MAR-23','DD-MON-RR'),0,5,3,null);
Insert into SYSTEM.FEE (FEEID,FEENAME,FEEDESCRIPTION,DATECHARGED,FEECHARGED,GUESTID,FEETYPEID,EMPLOYEEID) values (35,'Deposit',null,to_date('01-APR-23','DD-MON-RR'),0,5,1,null);
Insert into SYSTEM.FEE (FEEID,FEENAME,FEEDESCRIPTION,DATECHARGED,FEECHARGED,GUESTID,FEETYPEID,EMPLOYEEID) values (36,'Deposit',null,to_date('01-APR-23','DD-MON-RR'),0,5,3,null);